2022-08-30/00:07:30.059,-4.00E-01
2022-08-30/00:22:30.059,-3.84E+00
2022-08-30/00:37:30.059,-3.64E+00
2022-08-30/00:52:30.059,-3.68E+00
2022-08-30/01:07:30.059,-2.88E+00
2022-08-30/01:22:30.059,-3.64E+00
2022-08-30/01:37:30.059,-3.52E+00
2022-08-30/01:52:30.059,-3.80E+00
2022-08-30/02:07:30.059,-3.80E+00
2022-08-30/02:22:30.059,-2.48E+00
2022-08-30/02:37:30.059,-3.52E+00
2022-08-30/02:52:30.059,-3.56E+00
2022-08-30/03:07:30.059,-3.40E+00
2022-08-30/03:22:30.059,-3.84E+00
2022-08-30/03:37:30.059,-3.60E+00
2022-08-30/03:52:30.059,-3.00E+00
2022-08-30/04:07:30.059,-3.68E+00
2022-08-30/04:22:30.059,-3.52E+00
2022-08-30/04:37:30.059,-3.60E+00
2022-08-30/04:52:30.059,-3.56E+00
2022-08-30/05:07:30.059,-3.32E+00
2022-08-30/05:22:30.059,-3.76E+00
2022-08-30/05:37:30.059,-3.44E+00
2022-08-30/05:52:30.059,-3.92E+00
2022-08-30/06:07:30.059,-4.08E+00
2022-08-30/06:22:30.059,-4.04E+00
2022-08-30/06:37:30.059,-3.60E+00
2022-08-30/06:52:30.059,-2.68E+00
2022-08-30/07:07:30.059,-1.48E+00
2022-08-30/07:22:30.059,-3.28E+00
2022-08-30/07:37:30.059,-3.56E+00
2022-08-30/07:52:30.059,-4.20E+00
2022-08-30/08:07:30.059,-4.36E+00
2022-08-30/08:22:30.059,-4.48E+00
2022-08-30/08:37:30.059,-4.72E+00
2022-08-30/08:52:30.059,-4.72E+00
2022-08-30/09:07:30.059,-4.76E+00
2022-08-30/09:22:30.059,-4.76E+00
2022-08-30/09:37:30.059,-4.88E+00
2022-08-30/09:52:30.059,-4.84E+00
2022-08-30/10:07:30.059,-4.92E+00
2022-08-30/10:22:30.059,-4.92E+00
2022-08-30/10:37:30.059,-4.76E+00
2022-08-30/10:52:30.059,-4.80E+00
2022-08-30/11:07:30.059,-4.84E+00
2022-08-30/11:22:30.059,-4.88E+00
2022-08-30/11:37:30.059,-4.92E+00
2022-08-30/11:52:30.059,-4.92E+00
2022-08-30/12:07:30.059,-4.84E+00
2022-08-30/12:22:30.059,-4.88E+00
2022-08-30/12:37:30.059,-4.72E+00
2022-08-30/12:52:30.059,-4.80E+00
2022-08-30/13:07:30.059,-4.80E+00
2022-08-30/13:22:30.059,-4.72E+00
2022-08-30/13:37:30.059,-4.48E+00
2022-08-30/13:52:30.059,-4.68E+00
2022-08-30/14:07:30.059,-4.64E+00
2022-08-30/14:22:30.059,-4.72E+00
2022-08-30/14:37:30.059,-4.68E+00
2022-08-30/14:52:30.059,-4.72E+00
2022-08-30/15:07:30.059,-4.56E+00
2022-08-30/15:22:30.059,-4.56E+00
2022-08-30/15:37:30.059,-4.56E+00
2022-08-30/15:52:30.059,-4.56E+00
2022-08-30/16:07:30.059,-4.48E+00
2022-08-30/16:22:30.059,-4.44E+00
2022-08-30/16:37:30.059,-4.44E+00
2022-08-30/16:52:30.059,-4.16E+00
2022-08-30/17:07:30.059,-4.20E+00
2022-08-30/17:22:30.059,-4.08E+00
2022-08-30/17:37:30.059,-4.08E+00
2022-08-30/17:52:30.059,-4.08E+00
2022-08-30/18:07:30.059,-4.16E+00
2022-08-30/18:22:30.059,-2.96E+00
2022-08-30/18:37:30.059,-3.28E+00
2022-08-30/18:52:30.059,-2.52E+00
2022-08-30/19:07:30.059,-2.56E+00
2022-08-30/19:22:30.059,-3.04E+00
2022-08-30/19:37:30.059,-2.92E+00
2022-08-30/19:52:30.059,-3.16E+00
2022-08-30/20:07:30.059,-3.60E+00
2022-08-30/20:22:30.059,-3.80E+00
2022-08-30/20:37:30.059,-3.68E+00
2022-08-30/20:52:30.059,-3.64E+00
2022-08-30/21:07:30.059,-4.32E+00
2022-08-30/21:22:30.059,-4.12E+00
2022-08-30/21:37:30.059,-4.52E+00
2022-08-30/21:52:30.059,-4.04E+00
2022-08-30/22:07:30.059,-3.96E+00
2022-08-30/22:22:30.059,-3.96E+00
2022-08-30/22:37:30.059,-3.36E+00
2022-08-30/22:52:30.059,-4.00E+00
2022-08-30/23:07:30.059,-1.68E+00
2022-08-30/23:22:30.059,-2.76E+00
2022-08-30/23:37:30.059,-3.92E+00
2022-08-30/23:52:30.059,-3.52E+00
2022-08-31/00:07:30.059,-4.32E+00
2022-08-31/00:22:30.059,-4.28E+00
2022-08-31/00:37:30.059,-3.60E+00
2022-08-31/00:52:30.059,-4.00E+00
2022-08-31/01:07:30.059,-3.64E+00
2022-08-31/01:22:30.059,-4.00E+00
2022-08-31/01:37:30.059,-2.80E+00
2022-08-31/01:52:30.059,-3.56E+00
2022-08-31/02:07:30.059,-3.32E+00
2022-08-31/02:22:30.059,-1.40E+00
2022-08-31/02:37:30.059,-3.24E+00
2022-08-31/02:52:30.059,-1.08E+00
2022-08-31/03:07:30.059,-2.92E+00
2022-08-31/03:22:30.059,-3.76E+00
2022-08-31/03:37:30.059,-4.00E+00
2022-08-31/03:52:30.059,-3.96E+00
2022-08-31/04:07:30.059,-3.88E+00
2022-08-31/04:22:30.059,-3.72E+00
2022-08-31/04:37:30.059,-3.12E+00
2022-08-31/04:52:30.059,-3.40E+00
2022-08-31/05:07:30.059,6.00E-01
2022-08-31/05:22:30.059,-3.76E+00
2022-08-31/05:37:30.059,-3.20E+00
2022-08-31/05:52:30.059,-3.20E+00
2022-08-31/06:07:30.059,-4.08E+00
2022-08-31/06:22:30.059,-3.68E+00
2022-08-31/06:37:30.059,-4.32E+00
2022-08-31/06:52:30.059,-4.32E+00
2022-08-31/07:07:30.059,-3.44E+00
2022-08-31/07:22:30.059,-4.56E+00
2022-08-31/07:37:30.059,-5.00E+00
2022-08-31/07:52:30.059,-5.24E+00
2022-08-31/08:07:30.059,-4.24E+00
2022-08-31/08:22:30.059,-5.04E+00
2022-08-31/08:37:30.059,-4.12E+00
2022-08-31/08:52:30.059,-3.48E+00
2022-08-31/09:07:30.059,-4.24E+00
2022-08-31/09:22:30.059,-4.32E+00
2022-08-31/09:37:30.059,-3.60E+00
2022-08-31/09:52:30.059,-3.64E+00
2022-08-31/10:07:30.059,-4.60E+00
2022-08-31/10:22:30.059,-4.72E+00
2022-08-31/10:37:30.059,-4.56E+00
2022-08-31/10:52:30.059,-4.28E+00
2022-08-31/11:07:30.059,-3.48E+00
2022-08-31/11:22:30.059,-4.12E+00
2022-08-31/11:37:30.059,-4.20E+00
2022-08-31/11:52:30.059,-4.28E+00
2022-08-31/12:07:30.059,-4.00E+00
2022-08-31/12:22:30.059,-4.00E+00
2022-08-31/12:37:30.059,-3.96E+00
2022-08-31/12:52:30.059,-4.04E+00
2022-08-31/13:07:30.059,-3.52E+00
2022-08-31/13:22:30.059,-3.28E+00
2022-08-31/13:37:30.059,-3.44E+00
2022-08-31/13:52:30.059,-3.28E+00
2022-08-31/14:07:30.059,-3.72E+00
2022-08-31/14:22:30.059,-3.72E+00
2022-08-31/14:37:30.059,-3.72E+00
2022-08-31/14:52:30.059,-3.16E+00
2022-08-31/15:07:30.059,-3.84E+00
2022-08-31/15:22:30.059,-3.48E+00
2022-08-31/15:37:30.059,-1.24E+00
2022-08-31/15:52:30.059,-3.84E+00
2022-08-31/16:07:30.059,-4.20E+00
2022-08-31/16:22:30.059,-3.76E+00
2022-08-31/16:37:30.059,-3.68E+00
2022-08-31/16:52:30.059,-3.24E+00
2022-08-31/17:07:30.059,-4.36E+00
2022-08-31/17:22:30.059,-3.60E+00
2022-08-31/17:37:30.059,-4.00E+00
2022-08-31/17:52:30.059,-4.00E+00
2022-08-31/18:07:30.059,-3.96E+00
2022-08-31/18:22:30.059,-3.72E+00
2022-08-31/18:37:30.059,-3.60E+00
2022-08-31/18:52:30.059,-3.00E+00
2022-08-31/19:07:30.059,-3.56E+00
2022-08-31/19:22:30.059,-3.20E+00
2022-08-31/19:37:30.059,-3.56E+00
2022-08-31/19:52:30.059,-2.44E+00
2022-08-31/20:07:30.059,-3.48E+00
2022-08-31/20:22:30.059,-2.48E+00
2022-08-31/20:37:30.059,-3.16E+00
2022-08-31/20:52:30.059,-3.16E+00
2022-08-31/21:07:30.059,-3.36E+00
2022-08-31/21:22:30.059,-3.08E+00
2022-08-31/21:37:30.059,-2.80E+00
2022-08-31/21:52:30.059,-2.64E+00
2022-08-31/22:07:30.059,-3.08E+00
2022-08-31/22:22:30.059,-3.36E+00
2022-08-31/22:37:30.059,-3.72E+00
2022-08-31/22:52:30.059,-3.76E+00
2022-08-31/23:07:30.059,-3.96E+00
2022-08-31/23:22:30.059,-4.00E+00
2022-08-31/23:37:30.059,-3.96E+00
2022-08-31/23:52:30.059,-3.88E+00
2022-09-01/00:07:30.059,-3.48E+00
2022-09-01/00:22:30.059,-3.32E+00
2022-09-01/00:37:30.059,-3.88E+00
2022-09-01/00:52:30.059,-3.44E+00
2022-09-01/01:07:30.059,-3.96E+00
2022-09-01/01:22:30.059,-3.56E+00
2022-09-01/01:37:30.059,-3.80E+00
2022-09-01/01:52:30.059,-2.52E+00
2022-09-01/02:07:30.059,-3.36E+00
2022-09-01/02:22:30.059,-3.72E+00
2022-09-01/02:37:30.059,-3.68E+00
2022-09-01/02:52:30.059,-3.88E+00
2022-09-01/03:07:30.059,-3.76E+00
2022-09-01/03:22:30.059,-3.96E+00
2022-09-01/03:37:30.059,-4.00E+00
2022-09-01/03:52:30.059,-3.92E+00
2022-09-01/04:07:30.059,-3.84E+00
2022-09-01/04:22:30.059,-3.96E+00
2022-09-01/04:37:30.059,-2.92E+00
2022-09-01/04:52:30.059,-3.72E+00
2022-09-01/05:07:30.059,-3.96E+00
2022-09-01/05:22:30.059,-3.72E+00
2022-09-01/05:37:30.059,-3.60E+00
2022-09-01/05:52:30.059,-3.28E+00
2022-09-01/06:07:30.059,-3.92E+00
2022-09-01/06:22:30.059,-3.96E+00
2022-09-01/06:37:30.059,-3.88E+00
2022-09-01/06:52:30.059,-3.88E+00
2022-09-01/07:07:30.059,-3.88E+00
2022-09-01/07:22:30.059,-3.84E+00
2022-09-01/07:37:30.059,-3.28E+00
2022-09-01/07:52:30.059,-3.52E+00
2022-09-01/08:07:30.059,-3.76E+00
2022-09-01/08:22:30.059,-3.92E+00
2022-09-01/08:37:30.059,-3.68E+00
2022-09-01/08:52:30.059,-3.72E+00
2022-09-01/09:07:30.059,-3.80E+00
2022-09-01/09:22:30.059,-3.60E+00
2022-09-01/09:37:30.059,-3.88E+00
2022-09-01/09:52:30.059,-3.80E+00
2022-09-01/10:07:30.059,-3.04E+00
2022-09-01/10:22:30.059,-3.84E+00
2022-09-01/10:37:30.059,-3.64E+00
2022-09-01/10:52:30.059,-2.88E+00
2022-09-01/11:07:30.059,-2.60E+00
2022-09-01/11:22:30.059,-2.96E+00
2022-09-01/11:37:30.059,-2.84E+00
2022-09-01/11:52:30.059,-2.68E+00
2022-09-01/12:07:30.059,-2.64E+00
2022-09-01/12:22:30.059,-2.32E+00
2022-09-01/12:37:30.059,-3.16E+00
2022-09-01/12:52:30.059,-3.04E+00
2022-09-01/13:07:30.059,-3.48E+00
2022-09-01/13:22:30.059,-3.28E+00
2022-09-01/13:37:30.059,-3.40E+00
2022-09-01/13:52:30.059,-3.52E+00
2022-09-01/14:07:30.059,-3.48E+00
2022-09-01/14:22:30.059,-3.24E+00
2022-09-01/14:37:30.059,-3.72E+00
2022-09-01/14:52:30.059,-3.20E+00
2022-09-01/15:07:30.059,-3.20E+00
2022-09-01/15:22:30.059,-3.48E+00
2022-09-01/15:37:30.059,-3.56E+00
2022-09-01/15:52:30.059,-3.20E+00
2022-09-01/16:07:30.059,-3.72E+00
2022-09-01/16:22:30.059,-3.88E+00
2022-09-01/16:37:30.059,-3.20E+00
2022-09-01/16:52:30.059,-3.76E+00
2022-09-01/17:07:30.059,-3.28E+00
2022-09-01/17:22:30.059,-3.80E+00
2022-09-01/17:37:30.059,-3.84E+00
2022-09-01/17:52:30.059,-3.64E+00
2022-09-01/18:07:30.059,-3.92E+00
2022-09-01/18:22:30.059,-3.40E+00
2022-09-01/18:37:30.059,-3.72E+00
2022-09-01/18:52:30.059,-3.72E+00
2022-09-01/19:07:30.059,-2.76E+00
2022-09-01/19:22:30.059,-3.44E+00
2022-09-01/19:37:30.059,-3.72E+00
2022-09-01/19:52:30.059,-3.52E+00
2022-09-01/20:07:30.059,-3.76E+00
2022-09-01/20:22:30.059,-3.36E+00
2022-09-01/20:37:30.059,-2.76E+00
2022-09-01/20:52:30.059,-3.60E+00
2022-09-01/21:07:30.059,-3.68E+00
2022-09-01/21:22:30.059,-3.60E+00
2022-09-01/21:37:30.059,-2.16E+00
2022-09-01/21:52:30.059,-3.44E+00
2022-09-01/22:07:30.059,-3.48E+00
2022-09-01/22:22:30.059,-2.80E+00
2022-09-01/22:37:30.059,-3.52E+00
2022-09-01/22:52:30.059,-3.60E+00
2022-09-01/23:07:30.059,-3.48E+00
2022-09-01/23:22:30.059,-3.56E+00
2022-09-01/23:37:30.059,-3.60E+00
2022-09-01/23:52:30.059,-3.24E+00
2022-09-02/00:07:30.059,-3.40E+00
2022-09-02/00:22:30.059,-3.36E+00
2022-09-02/00:37:30.059,-2.84E+00
2022-09-02/00:52:30.059,-3.36E+00
2022-09-02/01:07:30.059,-3.24E+00
2022-09-02/01:22:30.059,-2.96E+00
2022-09-02/01:37:30.059,-2.84E+00
2022-09-02/01:52:30.059,-3.32E+00
2022-09-02/02:07:30.059,-3.52E+00
2022-09-02/02:22:30.059,-3.36E+00
2022-09-02/02:37:30.059,-3.56E+00
2022-09-02/02:52:30.059,-3.72E+00
2022-09-02/03:07:30.059,-3.40E+00
2022-09-02/03:22:30.059,-3.64E+00
2022-09-02/03:37:30.059,-3.60E+00
2022-09-02/03:52:30.059,-3.44E+00
2022-09-02/04:07:30.059,-3.64E+00
2022-09-02/04:22:30.059,-3.48E+00
2022-09-02/04:37:30.059,-3.56E+00
2022-09-02/04:52:30.059,-3.40E+00
2022-09-02/05:07:30.059,-2.88E+00
2022-09-02/05:22:30.059,-3.52E+00
2022-09-02/05:37:30.059,-3.52E+00
2022-09-02/05:52:30.059,-3.48E+00
2022-09-02/06:07:30.059,-3.52E+00
2022-09-02/06:22:30.059,-3.68E+00
2022-09-02/06:37:30.059,-3.56E+00
2022-09-02/06:52:30.059,-3.24E+00
2022-09-02/07:07:30.059,-2.96E+00
2022-09-02/07:22:30.059,-3.08E+00
2022-09-02/07:37:30.059,-1.92E+00
2022-09-02/07:52:30.059,-1.84E+00
2022-09-02/08:07:30.059,-2.48E+00
2022-09-02/08:22:30.059,-3.12E+00
2022-09-02/08:37:30.059,-3.20E+00
2022-09-02/08:52:30.059,-2.84E+00
2022-09-02/09:07:30.059,-3.00E+00
2022-09-02/09:22:30.059,-3.12E+00
2022-09-02/09:37:30.059,-3.44E+00
2022-09-02/09:52:30.059,-3.36E+00
2022-09-02/10:07:30.059,-2.88E+00
2022-09-02/10:22:30.059,-3.08E+00
2022-09-02/10:37:30.059,-2.44E+00
2022-09-02/10:52:30.059,-3.08E+00
2022-09-02/11:07:30.059,-1.88E+00
2022-09-02/11:22:30.059,-2.92E+00
2022-09-02/11:37:30.059,-1.72E+00
2022-09-02/11:52:30.059,-3.36E+00
2022-09-02/12:07:30.059,-3.60E+00
2022-09-02/12:22:30.059,-2.96E+00
2022-09-02/12:37:30.059,-3.56E+00
2022-09-02/12:52:30.059,-3.60E+00
2022-09-02/13:07:30.059,-3.36E+00
2022-09-02/13:22:30.059,-3.28E+00
2022-09-02/13:37:30.059,-3.48E+00
2022-09-02/13:52:30.059,-3.64E+00
2022-09-02/14:07:30.059,-3.12E+00
2022-09-02/14:22:30.059,-3.16E+00
2022-09-02/14:37:30.059,-3.04E+00
2022-09-02/14:52:30.059,-3.16E+00
2022-09-02/15:07:30.059,-3.40E+00
2022-09-02/15:22:30.059,-3.16E+00
2022-09-02/15:37:30.059,-3.32E+00
2022-09-02/15:52:30.059,-3.32E+00
2022-09-02/16:07:30.059,-3.32E+00
2022-09-02/16:22:30.059,-3.24E+00
2022-09-02/16:37:30.059,-3.00E+00
2022-09-02/16:52:30.059,-3.20E+00
2022-09-02/17:07:30.059,-2.48E+00
2022-09-02/17:22:30.059,-8.40E-01
2022-09-02/17:37:30.059,-2.16E+00
2022-09-02/17:52:30.059,-3.48E+00
2022-09-02/18:07:30.059,-3.00E+00
2022-09-02/18:22:30.059,-3.00E+00
2022-09-02/18:37:30.059,-2.92E+00
2022-09-02/18:52:30.059,-3.00E+00
2022-09-02/19:07:30.059,-2.64E+00
2022-09-02/19:22:30.059,-3.20E+00
2022-09-02/19:37:30.059,-3.20E+00
2022-09-02/19:52:30.059,-3.24E+00
2022-09-02/20:07:30.059,-2.96E+00
2022-09-02/20:22:30.059,-2.80E+00
2022-09-02/20:37:30.059,-3.12E+00
2022-09-02/20:52:30.059,-3.04E+00
2022-09-02/21:07:30.059,-2.48E+00
2022-09-02/21:22:30.059,1.72E+00
2022-09-02/21:37:30.059,-3.80E+00
2022-09-02/21:52:30.059,-3.52E+00
2022-09-02/22:07:30.059,-3.68E+00
2022-09-02/22:22:30.059,-3.60E+00
2022-09-02/22:37:30.059,-3.32E+00
2022-09-02/22:52:30.059,-3.40E+00
2022-09-02/23:07:30.059,-3.36E+00
2022-09-02/23:22:30.059,-3.40E+00
2022-09-02/23:37:30.059,-3.76E+00
2022-09-02/23:52:30.059,-3.68E+00
2022-09-03/00:07:30.059,-3.64E+00
2022-09-03/00:22:30.059,-3.56E+00
2022-09-03/00:37:30.059,-3.08E+00
2022-09-03/00:52:30.059,-2.32E+00
2022-09-03/01:07:30.059,-2.64E+00
2022-09-03/01:22:30.059,-2.96E+00
2022-09-03/01:37:30.059,-2.84E+00
2022-09-03/01:52:30.059,-2.96E+00
2022-09-03/02:07:30.059,-3.20E+00
2022-09-03/02:22:30.059,-3.16E+00
2022-09-03/02:37:30.059,-3.12E+00
2022-09-03/02:52:30.059,-2.96E+00
2022-09-03/03:07:30.059,-2.68E+00
2022-09-03/03:22:30.059,-2.84E+00
2022-09-03/03:37:30.059,-2.96E+00
2022-09-03/03:52:30.059,-3.04E+00
2022-09-03/04:07:30.059,-3.04E+00
2022-09-03/04:22:30.059,-3.00E+00
2022-09-03/04:37:30.059,-2.48E+00
2022-09-03/04:52:30.059,-2.76E+00
2022-09-03/05:07:30.059,-2.72E+00
2022-09-03/05:22:30.059,-2.72E+00
2022-09-03/05:37:30.059,-2.88E+00
2022-09-03/05:52:30.059,-2.76E+00
2022-09-03/06:07:30.059,-2.68E+00
2022-09-03/06:22:30.059,-2.84E+00
2022-09-03/06:37:30.059,-2.88E+00
2022-09-03/06:52:30.059,-3.04E+00
2022-09-03/07:07:30.059,-3.04E+00
2022-09-03/07:22:30.059,-2.88E+00
2022-09-03/07:37:30.059,-2.64E+00
2022-09-03/07:52:30.059,-2.72E+00
2022-09-03/08:07:30.059,-3.00E+00
2022-09-03/08:22:30.059,-2.92E+00
2022-09-03/08:37:30.059,-2.84E+00
2022-09-03/08:52:30.059,-3.00E+00
2022-09-03/09:07:30.059,-2.88E+00
2022-09-03/09:22:30.059,-3.12E+00
2022-09-03/09:37:30.059,-3.32E+00
2022-09-03/09:52:30.059,-3.28E+00
2022-09-03/10:07:30.059,-3.16E+00
2022-09-03/10:22:30.059,-2.88E+00
2022-09-03/10:37:30.059,-3.12E+00
2022-09-03/10:52:30.059,-3.00E+00
2022-09-03/11:07:30.059,-3.20E+00
2022-09-03/11:22:30.059,-3.04E+00
2022-09-03/11:37:30.059,-3.08E+00
2022-09-03/11:52:30.059,-2.84E+00
2022-09-03/12:07:30.059,-2.88E+00
2022-09-03/12:22:30.059,-3.16E+00
2022-09-03/12:37:30.059,-2.80E+00
2022-09-03/12:52:30.059,-2.92E+00
2022-09-03/13:07:30.059,-2.88E+00
2022-09-03/13:22:30.059,-2.68E+00
2022-09-03/13:37:30.059,-2.64E+00
2022-09-03/13:52:30.059,-2.52E+00
2022-09-03/14:07:30.059,-2.40E+00
2022-09-03/14:22:30.059,-2.72E+00
2022-09-03/14:37:30.059,-2.44E+00
2022-09-03/14:52:30.059,-1.92E+00
2022-09-03/15:07:30.059,-1.72E+00
2022-09-03/15:22:30.059,-2.92E+00
2022-09-03/15:37:30.059,-2.76E+00
2022-09-03/15:52:30.059,-2.92E+00
2022-09-03/16:07:30.059,-2.92E+00
2022-09-03/16:22:30.059,-2.64E+00
2022-09-03/16:37:30.059,-3.00E+00
2022-09-03/16:52:30.059,-2.60E+00
2022-09-03/17:07:30.059,-2.36E+00
2022-09-03/17:22:30.059,-2.44E+00
2022-09-03/17:37:30.059,-2.80E+00
2022-09-03/17:52:30.059,-2.80E+00
2022-09-03/18:07:30.059,-2.72E+00
2022-09-03/18:22:30.059,-2.76E+00
2022-09-03/18:37:30.059,-2.72E+00
2022-09-03/18:52:30.059,-2.60E+00
2022-09-03/19:07:30.059,-2.60E+00
2022-09-03/19:22:30.059,-2.72E+00
2022-09-03/19:37:30.059,-2.72E+00
2022-09-03/19:52:30.059,-2.52E+00
2022-09-03/20:07:30.059,-2.56E+00
2022-09-03/20:22:30.059,-2.60E+00
2022-09-03/20:37:30.059,-1.80E+00
2022-09-03/20:52:30.059,-2.20E+00
2022-09-03/21:07:30.059,-2.36E+00
2022-09-03/21:22:30.059,6.80E-01
2022-09-03/21:37:30.059,3.60E-01
2022-09-03/21:52:30.059,-7.60E-01
2022-09-03/22:07:30.059,-3.20E-01
2022-09-03/22:22:30.059,-2.16E+00
2022-09-03/22:37:30.059,-2.32E+00
2022-09-03/22:52:30.059,-4.40E-01
2022-09-03/23:07:30.059,-2.36E+00
2022-09-03/23:22:30.059,-2.44E+00
2022-09-03/23:37:30.059,-2.08E+00
2022-09-03/23:52:30.059,-2.44E+00
2022-09-04/00:07:30.059,-2.40E+00
2022-09-04/00:22:30.059,-2.08E+00
2022-09-04/00:37:30.059,-2.04E+00
2022-09-04/00:52:30.059,-2.20E+00
2022-09-04/01:07:30.059,-2.28E+00
2022-09-04/01:22:30.059,-2.44E+00
2022-09-04/01:37:30.059,-2.60E+00
2022-09-04/01:52:30.059,-2.24E+00
2022-09-04/02:07:30.059,-2.52E+00
2022-09-04/02:22:30.059,-2.64E+00
2022-09-04/02:37:30.059,-2.24E+00
2022-09-04/02:52:30.059,-2.40E+00
2022-09-04/03:07:30.059,2.00E-01
2022-09-04/03:22:30.059,-1.56E+00
2022-09-04/03:37:30.059,-2.24E+00
2022-09-04/03:52:30.059,-2.24E+00
2022-09-04/04:07:30.059,-2.88E+00
2022-09-04/04:22:30.059,-2.20E+00
2022-09-04/04:37:30.059,-1.48E+00
2022-09-04/04:52:30.059,-1.44E+00
2022-09-04/05:07:30.059,-2.12E+00
2022-09-04/05:22:30.059,-2.56E+00
2022-09-04/05:37:30.059,-2.88E+00
2022-09-04/05:52:30.059,-2.64E+00
2022-09-04/06:07:30.059,-3.08E+00
2022-09-04/06:22:30.059,-3.12E+00
2022-09-04/06:37:30.059,-2.52E+00
2022-09-04/06:52:30.059,-2.36E+00
2022-09-04/07:07:30.059,-2.76E+00
2022-09-04/07:22:30.059,-1.48E+00
2022-09-04/07:37:30.059,-2.36E+00
2022-09-04/07:52:30.059,-2.56E+00
2022-09-04/08:07:30.059,-2.72E+00
2022-09-04/08:22:30.059,-2.84E+00
2022-09-04/08:37:30.059,-2.80E+00
2022-09-04/08:52:30.059,-2.76E+00
2022-09-04/09:07:30.059,-2.72E+00
2022-09-04/09:22:30.059,-2.84E+00
2022-09-04/09:37:30.059,-2.56E+00
2022-09-04/09:52:30.059,-2.80E+00
2022-09-04/10:07:30.059,-2.80E+00
2022-09-04/10:22:30.059,-2.80E+00
2022-09-04/10:37:30.059,-2.72E+00
2022-09-04/10:52:30.059,-2.72E+00
2022-09-04/11:07:30.059,-2.72E+00
2022-09-04/11:22:30.059,-2.72E+00
2022-09-04/11:37:30.059,-3.08E+00
2022-09-04/11:52:30.059,-3.00E+00
2022-09-04/12:07:30.059,-3.04E+00
2022-09-04/12:22:30.059,-2.92E+00
2022-09-04/12:37:30.059,-3.00E+00
2022-09-04/12:52:30.059,-3.00E+00
2022-09-04/13:07:30.059,-2.92E+00
2022-09-04/13:22:30.059,-3.00E+00
2022-09-04/13:37:30.059,-2.96E+00
2022-09-04/13:52:30.059,-3.08E+00
2022-09-04/14:07:30.059,-2.80E+00
2022-09-04/14:22:30.059,-3.08E+00
2022-09-04/14:37:30.059,-3.16E+00
2022-09-04/14:52:30.059,-3.16E+00
2022-09-04/15:07:30.059,-3.12E+00
2022-09-04/15:22:30.059,-3.08E+00
2022-09-04/15:37:30.059,-3.08E+00
2022-09-04/15:52:30.059,-3.08E+00
2022-09-04/16:07:30.059,-2.92E+00
2022-09-04/16:22:30.059,-3.16E+00
2022-09-04/16:37:30.059,-3.16E+00
2022-09-04/16:52:30.059,-3.20E+00
2022-09-04/17:07:30.059,-3.24E+00
2022-09-04/17:22:30.059,-3.32E+00
2022-09-04/17:37:30.059,-3.24E+00
2022-09-04/17:52:30.059,-3.28E+00
2022-09-04/18:07:30.059,-3.32E+00
2022-09-04/18:22:30.059,-3.16E+00
2022-09-04/18:37:30.059,-3.20E+00
2022-09-04/18:52:30.059,-3.16E+00
2022-09-04/19:07:30.059,-3.20E+00
2022-09-04/19:22:30.059,-3.24E+00
2022-09-04/19:37:30.059,-3.28E+00
2022-09-04/19:52:30.059,-3.32E+00
2022-09-04/20:07:30.059,-3.20E+00
2022-09-04/20:22:30.059,-3.08E+00
2022-09-04/20:37:30.059,-3.12E+00
2022-09-04/20:52:30.059,-3.20E+00
2022-09-04/21:07:30.059,-3.04E+00
2022-09-04/21:22:30.059,-3.04E+00
2022-09-04/21:37:30.059,-3.16E+00
2022-09-04/21:52:30.059,-3.12E+00
2022-09-04/22:07:30.059,-3.12E+00
2022-09-04/22:22:30.059,-3.12E+00
2022-09-04/22:37:30.059,-3.12E+00
2022-09-04/22:52:30.059,-3.12E+00
2022-09-04/23:07:30.059,-3.12E+00
2022-09-04/23:22:30.059,-3.08E+00
2022-09-04/23:37:30.059,-3.04E+00
2022-09-04/23:52:30.059,-3.12E+00
2022-09-05/00:07:30.059,-2.76E+00
2022-09-05/00:22:30.059,-3.16E+00
2022-09-05/00:37:30.059,-3.12E+00
2022-09-05/00:52:30.059,-3.16E+00
2022-09-05/01:07:30.059,-3.16E+00
2022-09-05/01:22:30.059,-3.04E+00
2022-09-05/01:37:30.059,-3.12E+00
2022-09-05/01:52:30.059,-3.20E+00
2022-09-05/02:07:30.059,-3.16E+00
2022-09-05/02:22:30.059,-3.08E+00
2022-09-05/02:37:30.059,-3.08E+00
2022-09-05/02:52:30.059,-3.08E+00
2022-09-05/03:07:30.059,-3.16E+00
2022-09-05/03:22:30.059,-3.12E+00
2022-09-05/03:37:30.059,-3.04E+00
2022-09-05/03:52:30.059,-3.12E+00
2022-09-05/04:07:30.059,-3.04E+00
2022-09-05/04:22:30.059,-3.08E+00
2022-09-05/04:37:30.059,-3.00E+00
2022-09-05/04:52:30.059,-3.04E+00
2022-09-05/05:07:30.059,-3.00E+00
2022-09-05/05:22:30.059,-2.96E+00
2022-09-05/05:37:30.059,-2.88E+00
2022-09-05/05:52:30.059,-2.96E+00
2022-09-05/06:07:30.059,-3.08E+00
2022-09-05/06:22:30.059,-3.08E+00
2022-09-05/06:37:30.059,-3.08E+00
2022-09-05/06:52:30.059,-3.04E+00
2022-09-05/07:07:30.059,-3.16E+00
2022-09-05/07:22:30.059,-3.04E+00
2022-09-05/07:37:30.059,-3.16E+00
2022-09-05/07:52:30.059,-3.12E+00
2022-09-05/08:07:30.059,-3.16E+00
2022-09-05/08:22:30.059,-3.16E+00
2022-09-05/08:37:30.059,-3.04E+00
2022-09-05/08:52:30.059,-3.12E+00
2022-09-05/09:07:30.059,-3.12E+00
2022-09-05/09:22:30.059,-3.08E+00
2022-09-05/09:37:30.059,-2.92E+00
2022-09-05/09:52:30.059,-3.12E+00
2022-09-05/10:07:30.059,-3.12E+00
2022-09-05/10:22:30.059,-3.04E+00
2022-09-05/10:37:30.059,-3.16E+00
2022-09-05/10:52:30.059,-3.08E+00
2022-09-05/11:07:30.059,-2.92E+00
2022-09-05/11:22:30.059,-3.08E+00
2022-09-05/11:37:30.059,-3.12E+00
2022-09-05/11:52:30.059,-3.04E+00
2022-09-05/12:07:30.059,-3.12E+00
2022-09-05/12:22:30.059,-3.08E+00
2022-09-05/12:37:30.059,-3.12E+00
2022-09-05/12:52:30.059,-3.12E+00
2022-09-05/13:07:30.059,-3.12E+00
2022-09-05/13:22:30.059,-3.12E+00
2022-09-05/13:37:30.059,-3.08E+00
2022-09-05/13:52:30.059,-3.08E+00
2022-09-05/14:07:30.059,-3.20E+00
2022-09-05/14:22:30.059,-3.12E+00
2022-09-05/14:37:30.059,-3.08E+00
2022-09-05/14:52:30.059,-3.12E+00
2022-09-05/15:07:30.059,-3.08E+00
2022-09-05/15:22:30.059,-3.04E+00
2022-09-05/15:37:30.059,-2.92E+00
2022-09-05/15:52:30.059,-2.84E+00
2022-09-05/16:07:30.059,-2.92E+00
2022-09-05/16:22:30.059,-2.92E+00
2022-09-05/16:37:30.059,-2.96E+00
2022-09-05/16:52:30.059,-3.00E+00
2022-09-05/17:07:30.059,-3.04E+00
2022-09-05/17:22:30.059,-3.08E+00
2022-09-05/17:37:30.059,-6.84E+00
2022-09-05/17:52:30.059,-6.76E+00
2022-09-05/18:07:30.059,-6.52E+00
2022-09-05/18:22:30.059,-5.84E+00
2022-09-05/18:37:30.059,-4.48E+00
2022-09-05/18:52:30.059,-4.72E+00
2022-09-05/19:07:30.059,-4.52E+00
2022-09-05/19:22:30.059,-4.32E+00
2022-09-05/19:37:30.059,-4.08E+00
2022-09-05/19:52:30.059,-3.56E+00
2022-09-05/20:07:30.059,-4.24E+00
2022-09-05/20:22:30.059,1.00E+00
2022-09-05/20:37:30.059,-8.00E-02
2022-09-05/20:52:30.059,4.80E-01
2022-09-05/21:07:30.059,1.56E+00
2022-09-05/21:22:30.059,1.20E+00
2022-09-05/21:37:30.059,1.28E+00
2022-09-05/21:52:30.059,1.28E+00
2022-09-05/22:07:30.059,1.36E+00
2022-09-05/22:22:30.059,1.64E+00
2022-09-05/22:37:30.059,5.60E-01
2022-09-05/22:52:30.059,8.00E-02
2022-09-05/23:07:30.059,8.00E-01
2022-09-05/23:22:30.059,8.00E-01
2022-09-05/23:37:30.059,1.92E+00
2022-09-05/23:52:30.059,2.68E+00
2022-09-06/00:07:30.059,3.08E+00
2022-09-06/00:22:30.059,2.36E+00
2022-09-06/00:37:30.059,3.52E+00
2022-09-06/00:52:30.059,2.24E+00
2022-09-06/01:07:30.059,1.72E+00
2022-09-06/01:22:30.059,7.20E-01
2022-09-06/01:37:30.059,1.92E+00
2022-09-06/01:52:30.059,2.80E+00
2022-09-06/02:07:30.059,3.40E+00
2022-09-06/02:22:30.059,3.04E+00
2022-09-06/02:37:30.059,2.68E+00
2022-09-06/02:52:30.059,3.28E+00
2022-09-06/03:07:30.059,3.12E+00
2022-09-06/03:22:30.059,2.96E+00
2022-09-06/03:37:30.059,3.12E+00
2022-09-06/03:52:30.059,3.24E+00
2022-09-06/04:07:30.059,3.24E+00
2022-09-06/04:22:30.059,3.24E+00
2022-09-06/04:37:30.059,3.32E+00
2022-09-06/04:52:30.059,3.24E+00
2022-09-06/05:07:30.059,3.24E+00
2022-09-06/05:22:30.059,3.20E+00
2022-09-06/05:37:30.059,3.28E+00
2022-09-06/05:52:30.059,3.28E+00
2022-09-06/06:07:30.059,3.20E+00
2022-09-06/06:22:30.059,3.20E+00
2022-09-06/06:37:30.059,3.20E+00
2022-09-06/06:52:30.059,3.28E+00
2022-09-06/07:07:30.059,2.88E+00
2022-09-06/07:22:30.059,3.36E+00
2022-09-06/07:37:30.059,3.32E+00
2022-09-06/07:52:30.059,3.20E+00
2022-09-06/08:07:30.059,3.20E+00
2022-09-06/08:22:30.059,3.16E+00
2022-09-06/08:37:30.059,3.36E+00
2022-09-06/08:52:30.059,3.40E+00
2022-09-06/09:07:30.059,3.40E+00
2022-09-06/09:22:30.059,3.28E+00
2022-09-06/09:37:30.059,3.28E+00
2022-09-06/09:52:30.059,3.32E+00
2022-09-06/10:07:30.059,3.28E+00
2022-09-06/10:22:30.059,3.32E+00
2022-09-06/10:37:30.059,3.36E+00
2022-09-06/10:52:30.059,3.40E+00
2022-09-06/11:07:30.059,3.52E+00
2022-09-06/11:22:30.059,3.48E+00
2022-09-06/11:37:30.059,3.44E+00
2022-09-06/11:52:30.059,3.40E+00
2022-09-06/12:07:30.059,3.48E+00
2022-09-06/12:22:30.059,3.48E+00
2022-09-06/12:37:30.059,3.40E+00
2022-09-06/12:52:30.059,3.36E+00
2022-09-06/13:07:30.059,3.32E+00
2022-09-06/13:22:30.059,3.32E+00
2022-09-06/13:37:30.059,3.32E+00
2022-09-06/13:52:30.059,3.36E+00
2022-09-06/14:07:30.059,3.24E+00
2022-09-06/14:22:30.059,3.32E+00
2022-09-06/14:37:30.059,3.32E+00
2022-09-06/14:52:30.059,3.24E+00
2022-09-06/15:07:30.059,3.32E+00
2022-09-06/15:22:30.059,3.32E+00
2022-09-06/15:37:30.059,3.28E+00
2022-09-06/15:52:30.059,3.32E+00
2022-09-06/16:07:30.059,3.24E+00
2022-09-06/16:22:30.059,3.16E+00
2022-09-06/16:37:30.059,3.16E+00
2022-09-06/16:52:30.059,3.16E+00
2022-09-06/17:07:30.059,3.12E+00
2022-09-06/17:22:30.059,3.00E+00
2022-09-06/17:37:30.059,-3.44E+00
2022-09-06/17:52:30.059,-3.48E+00
2022-09-06/18:07:30.059,-3.48E+00
2022-09-06/18:22:30.059,-3.48E+00
2022-09-06/18:37:30.059,-3.48E+00
2022-09-06/18:52:30.059,-3.32E+00
2022-09-06/19:07:30.059,-3.44E+00
2022-09-06/19:22:30.059,-3.52E+00
2022-09-06/19:37:30.059,-3.60E+00
2022-09-06/19:52:30.059,-3.44E+00
2022-09-06/20:07:30.059,-3.48E+00
2022-09-06/20:22:30.059,-3.52E+00
2022-09-06/20:37:30.059,-3.52E+00
2022-09-06/20:52:30.059,-3.52E+00
2022-09-06/21:07:30.059,-3.52E+00
2022-09-06/21:22:30.059,-3.52E+00
2022-09-06/21:37:30.059,-3.52E+00
2022-09-06/21:52:30.059,-3.56E+00
2022-09-06/22:07:30.059,-3.60E+00
2022-09-06/22:22:30.059,-3.60E+00
2022-09-06/22:37:30.059,-3.64E+00
2022-09-06/22:52:30.059,-3.64E+00
2022-09-06/23:07:30.059,-3.60E+00
2022-09-06/23:22:30.059,-3.64E+00
2022-09-06/23:37:30.059,-3.60E+00
2022-09-06/23:52:30.059,-3.60E+00
2022-09-07/00:07:30.059,-3.56E+00
2022-09-07/00:22:30.059,-3.52E+00
2022-09-07/00:37:30.059,-3.48E+00
2022-09-07/00:52:30.059,-3.56E+00
2022-09-07/01:07:30.059,-3.56E+00
2022-09-07/01:22:30.059,-3.56E+00
2022-09-07/01:37:30.059,-3.56E+00
2022-09-07/01:52:30.059,-3.56E+00
2022-09-07/02:07:30.059,-3.56E+00
2022-09-07/02:22:30.059,-3.56E+00
2022-09-07/02:37:30.059,-3.60E+00
2022-09-07/02:52:30.059,-3.60E+00
2022-09-07/03:07:30.059,-3.60E+00
2022-09-07/03:22:30.059,-3.60E+00
2022-09-07/03:37:30.059,-3.60E+00
2022-09-07/03:52:30.059,-3.60E+00
2022-09-07/04:07:30.059,-3.56E+00
2022-09-07/04:22:30.059,-3.52E+00
2022-09-07/04:37:30.059,-3.56E+00
2022-09-07/04:52:30.059,-3.52E+00
2022-09-07/05:07:30.059,-3.56E+00
2022-09-07/05:22:30.059,-3.56E+00
2022-09-07/05:37:30.059,-3.56E+00
2022-09-07/05:52:30.059,-3.60E+00
2022-09-07/06:07:30.059,-3.56E+00
2022-09-07/06:22:30.059,-3.56E+00
2022-09-07/06:37:30.059,-3.52E+00
2022-09-07/06:52:30.059,-3.56E+00
2022-09-07/07:07:30.059,-3.56E+00
2022-09-07/07:22:30.059,-3.56E+00
2022-09-07/07:37:30.059,-3.56E+00
2022-09-07/07:52:30.059,-3.56E+00
2022-09-07/08:07:30.059,-3.52E+00
2022-09-07/08:22:30.059,-3.52E+00
2022-09-07/08:37:30.059,-3.48E+00
2022-09-07/08:52:30.059,-3.48E+00
2022-09-07/09:07:30.059,-3.48E+00
2022-09-07/09:22:30.059,-3.52E+00
2022-09-07/09:37:30.059,-3.56E+00
2022-09-07/09:52:30.059,-3.44E+00
2022-09-07/10:07:30.059,-3.52E+00
2022-09-07/10:22:30.059,-3.48E+00
2022-09-07/10:37:30.059,-3.52E+00
2022-09-07/10:52:30.059,-3.48E+00
2022-09-07/11:07:30.059,-3.36E+00
2022-09-07/11:22:30.059,-3.44E+00
2022-09-07/11:37:30.059,-3.40E+00
2022-09-07/11:52:30.059,-3.44E+00
2022-09-07/12:07:30.059,-3.40E+00
2022-09-07/12:22:30.059,-3.44E+00
2022-09-07/12:37:30.059,-3.44E+00
2022-09-07/12:52:30.059,-3.36E+00
2022-09-07/13:07:30.059,-3.32E+00
2022-09-07/13:22:30.059,-3.28E+00
2022-09-07/13:37:30.059,-3.16E+00
2022-09-07/13:52:30.059,-3.08E+00
2022-09-07/14:07:30.059,-3.00E+00
2022-09-07/14:22:30.059,-3.08E+00
2022-09-07/14:37:30.059,-3.04E+00
2022-09-07/14:52:30.059,-3.04E+00
2022-09-07/15:07:30.059,-3.08E+00
2022-09-07/15:22:30.059,-3.16E+00
2022-09-07/15:37:30.059,-3.08E+00
2022-09-07/15:52:30.059,-3.24E+00
2022-09-07/16:07:30.059,-3.20E+00
2022-09-07/16:22:30.059,-3.16E+00
2022-09-07/16:37:30.059,-3.16E+00
2022-09-07/16:52:30.059,-3.20E+00
2022-09-07/17:07:30.059,-3.28E+00
2022-09-07/17:22:30.059,-2.52E+00
2022-09-07/17:37:30.059,-3.20E+00
2022-09-07/17:52:30.059,-3.24E+00
2022-09-07/18:07:30.059,-3.20E+00
2022-09-07/18:22:30.059,-3.32E+00
2022-09-07/18:37:30.059,-3.28E+00
2022-09-07/18:52:30.059,-2.84E+00
2022-09-07/19:07:30.059,-3.24E+00
2022-09-07/19:22:30.059,-3.04E+00
2022-09-07/19:37:30.059,-3.12E+00
2022-09-07/19:52:30.059,-2.84E+00
2022-09-07/20:07:30.059,-2.92E+00
2022-09-07/20:22:30.059,-2.68E+00
2022-09-07/20:37:30.059,-3.00E+00
2022-09-07/20:52:30.059,-3.28E+00
2022-09-07/21:07:30.059,-3.12E+00
2022-09-07/21:22:30.059,-3.16E+00
2022-09-07/21:37:30.059,-3.20E+00
2022-09-07/21:52:30.059,-3.04E+00
2022-09-07/22:07:30.059,-2.60E+00
2022-09-07/22:22:30.059,-2.72E+00
2022-09-07/22:37:30.059,-2.88E+00
2022-09-07/22:52:30.059,-2.92E+00
2022-09-07/23:07:30.059,-3.00E+00
2022-09-07/23:22:30.059,-3.12E+00
2022-09-07/23:37:30.059,-3.00E+00
2022-09-07/23:52:30.059,-3.16E+00
2022-09-08/00:07:30.059,-3.16E+00
2022-09-08/00:22:30.059,-3.20E+00
2022-09-08/00:37:30.059,-3.20E+00
2022-09-08/00:52:30.059,-3.12E+00
2022-09-08/01:07:30.059,-3.04E+00
2022-09-08/01:22:30.059,-3.00E+00
2022-09-08/01:37:30.059,-3.00E+00
2022-09-08/01:52:30.059,-2.96E+00
2022-09-08/02:07:30.059,-3.04E+00
2022-09-08/02:22:30.059,-3.20E+00
2022-09-08/02:37:30.059,-3.04E+00
2022-09-08/02:52:30.059,-2.96E+00
2022-09-08/03:07:30.059,-2.28E+00
2022-09-08/03:22:30.059,-3.08E+00
2022-09-08/03:37:30.059,-3.08E+00
2022-09-08/03:52:30.059,-3.24E+00
2022-09-08/04:07:30.059,-3.08E+00
2022-09-08/04:22:30.059,-2.96E+00
2022-09-08/04:37:30.059,-2.80E+00
2022-09-08/04:52:30.059,-2.68E+00
2022-09-08/05:07:30.059,-2.96E+00
2022-09-08/05:22:30.059,-2.92E+00
2022-09-08/05:37:30.059,-3.04E+00
2022-09-08/05:52:30.059,-2.96E+00
2022-09-08/06:07:30.059,-2.92E+00
2022-09-08/06:22:30.059,-3.00E+00
2022-09-08/06:37:30.059,-3.08E+00
2022-09-08/06:52:30.059,-2.92E+00
2022-09-08/07:07:30.059,-3.04E+00
2022-09-08/07:22:30.059,-3.04E+00
2022-09-08/07:37:30.059,-3.08E+00
2022-09-08/07:52:30.059,-3.12E+00
2022-09-08/08:07:30.059,-3.12E+00
2022-09-08/08:22:30.059,-3.04E+00
2022-09-08/08:37:30.059,-3.12E+00
2022-09-08/08:52:30.059,-3.08E+00
2022-09-08/09:07:30.059,-3.04E+00
2022-09-08/09:22:30.059,-3.16E+00
2022-09-08/09:37:30.059,-3.20E+00
2022-09-08/09:52:30.059,-3.08E+00
2022-09-08/10:07:30.059,-3.12E+00
2022-09-08/10:22:30.059,-3.12E+00
2022-09-08/10:37:30.059,-3.20E+00
2022-09-08/10:52:30.059,-3.08E+00
2022-09-08/11:07:30.059,-3.32E+00
2022-09-08/11:22:30.059,-3.28E+00
2022-09-08/11:37:30.059,-3.20E+00
2022-09-08/11:52:30.059,-3.20E+00
2022-09-08/12:07:30.059,-3.12E+00
2022-09-08/12:22:30.059,-3.28E+00
2022-09-08/12:37:30.059,-2.68E+00
2022-09-08/12:52:30.059,-1.44E+00
2022-09-08/13:07:30.059,-2.88E+00
2022-09-08/13:22:30.059,-3.16E+00
2022-09-08/13:37:30.059,-3.12E+00
2022-09-08/13:52:30.059,-3.12E+00
2022-09-08/14:07:30.059,-2.92E+00
2022-09-08/14:22:30.059,-2.88E+00
2022-09-08/14:37:30.059,-3.08E+00
2022-09-08/14:52:30.059,-3.04E+00
2022-09-08/15:07:30.059,-3.20E+00
2022-09-08/15:22:30.059,-2.52E+00
2022-09-08/15:37:30.059,-3.08E+00
2022-09-08/15:52:30.059,-3.20E+00
2022-09-08/16:07:30.059,-3.20E+00
2022-09-08/16:22:30.059,-3.04E+00
2022-09-08/16:37:30.059,-2.84E+00
2022-09-08/16:52:30.059,-3.04E+00
2022-09-08/17:07:30.059,-3.00E+00
2022-09-08/17:22:30.059,-2.32E+00
2022-09-08/17:37:30.059,-3.16E+00
2022-09-08/17:52:30.059,-3.24E+00
2022-09-08/18:07:30.059,-3.36E+00
2022-09-08/18:22:30.059,-3.16E+00
2022-09-08/18:37:30.059,-2.52E+00
2022-09-08/18:52:30.059,-2.68E+00
2022-09-08/19:07:30.059,-3.16E+00
2022-09-08/19:22:30.059,-3.32E+00
2022-09-08/19:37:30.059,-3.08E+00
2022-09-08/19:52:30.059,-2.92E+00
2022-09-08/20:07:30.059,-3.40E+00
2022-09-08/20:22:30.059,-3.32E+00
2022-09-08/20:37:30.059,-2.00E+00
2022-09-08/20:52:30.059,-3.40E+00
2022-09-08/21:07:30.059,-3.20E+00
2022-09-08/21:22:30.059,-3.16E+00
2022-09-08/21:37:30.059,-3.20E+00
2022-09-08/21:52:30.059,-3.24E+00
2022-09-08/22:07:30.059,-3.20E+00
2022-09-08/22:22:30.059,-3.24E+00
2022-09-08/22:37:30.059,-3.00E+00
2022-09-08/22:52:30.059,-2.80E+00
2022-09-08/23:07:30.059,-3.36E+00
2022-09-08/23:22:30.059,-3.32E+00
2022-09-08/23:37:30.059,-3.28E+00
2022-09-08/23:52:30.059,-3.44E+00
2022-09-09/00:07:30.059,-3.60E+00
2022-09-09/00:22:30.059,-3.56E+00
2022-09-09/00:37:30.059,-3.40E+00
2022-09-09/00:52:30.059,-3.56E+00
2022-09-09/01:07:30.059,-3.52E+00
2022-09-09/01:22:30.059,-3.48E+00
2022-09-09/01:37:30.059,-3.68E+00
2022-09-09/01:52:30.059,-3.72E+00
2022-09-09/02:07:30.059,-3.64E+00
2022-09-09/02:22:30.059,-3.68E+00
2022-09-09/02:37:30.059,-3.68E+00
2022-09-09/02:52:30.059,-3.72E+00
2022-09-09/03:07:30.059,-3.72E+00
2022-09-09/03:22:30.059,-3.68E+00
2022-09-09/03:37:30.059,-2.76E+00
2022-09-09/03:52:30.059,-3.56E+00
2022-09-09/04:07:30.059,-4.08E+00
2022-09-09/04:22:30.059,-3.76E+00
2022-09-09/04:37:30.059,-3.72E+00
2022-09-09/04:52:30.059,-3.28E+00
2022-09-09/05:07:30.059,-4.04E+00
2022-09-09/05:22:30.059,-4.56E+00
2022-09-09/05:37:30.059,-4.20E+00
2022-09-09/05:52:30.059,-4.20E+00
2022-09-09/06:07:30.059,-3.68E+00
2022-09-09/06:22:30.059,-3.64E+00
2022-09-09/06:37:30.059,-2.40E+00
2022-09-09/06:52:30.059,-2.56E+00
2022-09-09/07:07:30.059,-3.00E+00
2022-09-09/07:22:30.059,-3.16E+00
2022-09-09/07:37:30.059,-3.00E+00
2022-09-09/07:52:30.059,-3.32E+00
2022-09-09/08:07:30.059,-3.32E+00
2022-09-09/08:22:30.059,-3.32E+00
2022-09-09/08:37:30.059,-3.08E+00
2022-09-09/08:52:30.059,-2.80E+00
2022-09-09/09:07:30.059,-2.20E+00
2022-09-09/09:22:30.059,-3.08E+00
2022-09-09/09:37:30.059,-2.88E+00
2022-09-09/09:52:30.059,-3.16E+00
2022-09-09/10:07:30.059,-2.24E+00
2022-09-09/10:22:30.059,-2.44E+00
2022-09-09/10:37:30.059,-2.80E+00
2022-09-09/10:52:30.059,-2.76E+00
2022-09-09/11:07:30.059,-3.20E+00
2022-09-09/11:22:30.059,-3.04E+00
2022-09-09/11:37:30.059,-3.32E+00
2022-09-09/11:52:30.059,-3.36E+00
2022-09-09/12:07:30.059,-3.00E+00
2022-09-09/12:22:30.059,-3.44E+00
2022-09-09/12:37:30.059,-3.36E+00
2022-09-09/12:52:30.059,-2.28E+00
2022-09-09/13:07:30.059,-3.40E+00
2022-09-09/13:22:30.059,-3.28E+00
2022-09-09/13:37:30.059,-3.44E+00
2022-09-09/13:52:30.059,-2.76E+00
2022-09-09/14:07:30.059,-3.20E+00
2022-09-09/14:22:30.059,-3.32E+00
2022-09-09/14:37:30.059,-3.44E+00
2022-09-09/14:52:30.059,-3.28E+00
2022-09-09/15:07:30.059,-3.28E+00
2022-09-09/15:22:30.059,-3.48E+00
2022-09-09/15:37:30.059,-3.04E+00
2022-09-09/15:52:30.059,-2.80E+00
2022-09-09/16:07:30.059,-3.00E+00
2022-09-09/16:22:30.059,-3.16E+00
2022-09-09/16:37:30.059,-3.52E+00
2022-09-09/16:52:30.059,-3.40E+00
2022-09-09/17:07:30.059,-3.44E+00
2022-09-09/17:22:30.059,-3.48E+00
2022-09-09/17:37:30.059,-3.44E+00
2022-09-09/17:52:30.059,-3.20E+00
2022-09-09/18:07:30.059,-3.44E+00
2022-09-09/18:22:30.059,-3.40E+00
2022-09-09/18:37:30.059,-3.52E+00
2022-09-09/18:52:30.059,-3.56E+00
2022-09-09/19:07:30.059,-2.96E+00
2022-09-09/19:22:30.059,-3.00E+00
2022-09-09/19:37:30.059,-3.60E+00
2022-09-09/19:52:30.059,-3.60E+00
2022-09-09/20:07:30.059,-3.64E+00
2022-09-09/20:22:30.059,-3.56E+00
2022-09-09/20:37:30.059,-3.40E+00
2022-09-09/20:52:30.059,-3.12E+00
2022-09-09/21:07:30.059,-3.52E+00
2022-09-09/21:22:30.059,-3.52E+00
2022-09-09/21:37:30.059,-3.48E+00
2022-09-09/21:52:30.059,-3.60E+00
2022-09-09/22:07:30.059,-3.24E+00
2022-09-09/22:22:30.059,-3.60E+00
2022-09-09/22:37:30.059,-3.40E+00
2022-09-09/22:52:30.059,-3.24E+00
2022-09-09/23:07:30.059,-3.72E+00
2022-09-09/23:22:30.059,-3.32E+00
2022-09-09/23:37:30.059,-3.28E+00
2022-09-09/23:52:30.059,-3.16E+00
2022-09-10/00:07:30.059,-3.40E+00
2022-09-10/00:22:30.059,-3.60E+00
2022-09-10/00:37:30.059,-3.52E+00
2022-09-10/00:52:30.059,-3.76E+00
2022-09-10/01:07:30.059,-3.80E+00
2022-09-10/01:22:30.059,-3.84E+00
2022-09-10/01:37:30.059,-3.48E+00
2022-09-10/01:52:30.059,-3.20E+00
2022-09-10/02:07:30.059,-3.48E+00
2022-09-10/02:22:30.059,-3.60E+00
2022-09-10/02:37:30.059,-3.64E+00
2022-09-10/02:52:30.059,-1.64E+00
2022-09-10/03:07:30.059,-3.12E+00
2022-09-10/03:22:30.059,-3.48E+00
2022-09-10/03:37:30.059,-3.60E+00
2022-09-10/03:52:30.059,-3.60E+00
2022-09-10/04:07:30.059,-3.32E+00
2022-09-10/04:22:30.059,-3.88E+00
2022-09-10/04:37:30.059,-3.76E+00
2022-09-10/04:52:30.059,-3.24E+00
2022-09-10/05:07:30.059,-3.52E+00
2022-09-10/05:22:30.059,-3.60E+00
2022-09-10/05:37:30.059,-2.04E+00
2022-09-10/05:52:30.059,-1.88E+00
2022-09-10/06:07:30.059,-3.56E+00
2022-09-10/06:22:30.059,-3.64E+00
2022-09-10/06:37:30.059,-3.08E+00
2022-09-10/06:52:30.059,-3.28E+00
2022-09-10/07:07:30.059,-3.52E+00
2022-09-10/07:22:30.059,-3.56E+00
2022-09-10/07:37:30.059,-3.40E+00
2022-09-10/07:52:30.059,-3.16E+00
2022-09-10/08:07:30.059,-3.00E+00
2022-09-10/08:22:30.059,-3.48E+00
2022-09-10/08:37:30.059,-3.64E+00
2022-09-10/08:52:30.059,-3.44E+00
2022-09-10/09:07:30.059,-3.28E+00
2022-09-10/09:22:30.059,-3.60E+00
2022-09-10/09:37:30.059,-3.60E+00
2022-09-10/09:52:30.059,-3.48E+00
2022-09-10/10:07:30.059,-3.64E+00
2022-09-10/10:22:30.059,-3.64E+00
2022-09-10/10:37:30.059,-3.64E+00
2022-09-10/10:52:30.059,-3.60E+00
2022-09-10/11:07:30.059,-3.60E+00
2022-09-10/11:22:30.059,-3.64E+00
2022-09-10/11:37:30.059,-3.76E+00
2022-09-10/11:52:30.059,-3.56E+00
2022-09-10/12:07:30.059,-3.88E+00
2022-09-10/12:22:30.059,-3.92E+00
2022-09-10/12:37:30.059,-3.92E+00
2022-09-10/12:52:30.059,-3.72E+00
2022-09-10/13:07:30.059,-3.64E+00
2022-09-10/13:22:30.059,-3.72E+00
2022-09-10/13:37:30.059,-3.64E+00
2022-09-10/13:52:30.059,-3.60E+00
2022-09-10/14:07:30.059,-3.68E+00
2022-09-10/14:22:30.059,-3.56E+00
2022-09-10/14:37:30.059,-2.76E+00
2022-09-10/14:52:30.059,-2.76E+00
2022-09-10/15:07:30.059,-3.12E+00
2022-09-10/15:22:30.059,-2.36E+00
2022-09-10/15:37:30.059,-3.04E+00
2022-09-10/15:52:30.059,-2.04E+00
2022-09-10/16:07:30.059,-2.88E+00
2022-09-10/16:22:30.059,-3.32E+00
2022-09-10/16:37:30.059,-1.88E+00
2022-09-10/16:52:30.059,-2.40E+00
2022-09-10/17:07:30.059,-3.08E+00
2022-09-10/17:22:30.059,-2.72E+00
2022-09-10/17:37:30.059,-2.88E+00
2022-09-10/17:52:30.059,-3.08E+00
2022-09-10/18:07:30.059,-3.44E+00
2022-09-10/18:22:30.059,-3.44E+00
2022-09-10/18:37:30.059,-3.36E+00
2022-09-10/18:52:30.059,-3.12E+00
2022-09-10/19:07:30.059,-3.00E+00
2022-09-10/19:22:30.059,-3.36E+00
2022-09-10/19:37:30.059,-3.44E+00
2022-09-10/19:52:30.059,-1.96E+00
2022-09-10/20:07:30.059,-1.60E+00
2022-09-10/20:22:30.059,-3.32E+00
2022-09-10/20:37:30.059,-3.32E+00
2022-09-10/20:52:30.059,-2.84E+00
2022-09-10/21:07:30.059,-3.36E+00
2022-09-10/21:22:30.059,-2.24E+00
2022-09-10/21:37:30.059,-2.80E+00
2022-09-10/21:52:30.059,-3.16E+00
2022-09-10/22:07:30.059,-3.44E+00
2022-09-10/22:22:30.059,-3.40E+00
2022-09-10/22:37:30.059,-3.28E+00
2022-09-10/22:52:30.059,-3.44E+00
2022-09-10/23:07:30.059,-2.24E+00
2022-09-10/23:22:30.059,-3.96E+00
2022-09-10/23:37:30.059,-3.92E+00
2022-09-10/23:52:30.059,-3.68E+00
2022-09-11/00:07:30.059,-3.56E+00
2022-09-11/00:22:30.059,-3.92E+00
2022-09-11/00:37:30.059,-3.92E+00
2022-09-11/00:52:30.059,-4.04E+00
2022-09-11/01:07:30.059,-3.88E+00
2022-09-11/01:22:30.059,-3.92E+00
2022-09-11/01:37:30.059,-3.60E+00
2022-09-11/01:52:30.059,-4.08E+00
2022-09-11/02:07:30.059,-4.24E+00
2022-09-11/02:22:30.059,-4.32E+00
2022-09-11/02:37:30.059,-4.12E+00
2022-09-11/02:52:30.059,-4.16E+00
2022-09-11/03:07:30.059,-4.16E+00
2022-09-11/03:22:30.059,-4.40E+00
2022-09-11/03:37:30.059,-4.36E+00
2022-09-11/03:52:30.059,-4.52E+00
2022-09-11/04:07:30.059,-4.56E+00
2022-09-11/04:22:30.059,-4.52E+00
2022-09-11/04:37:30.059,-4.44E+00
2022-09-11/04:52:30.059,-4.44E+00
2022-09-11/05:07:30.059,-4.48E+00
2022-09-11/05:22:30.059,-4.52E+00
2022-09-11/05:37:30.059,-4.48E+00
2022-09-11/05:52:30.059,-4.48E+00
2022-09-11/06:07:30.059,-4.44E+00
2022-09-11/06:22:30.059,-4.24E+00
2022-09-11/06:37:30.059,-4.32E+00
2022-09-11/06:52:30.059,-4.32E+00
2022-09-11/07:07:30.059,-4.32E+00
2022-09-11/07:22:30.059,-4.28E+00
2022-09-11/07:37:30.059,-4.12E+00
2022-09-11/07:52:30.059,-4.20E+00
2022-09-11/08:07:30.059,-4.20E+00
2022-09-11/08:22:30.059,-4.20E+00
2022-09-11/08:37:30.059,-4.16E+00
2022-09-11/08:52:30.059,-4.24E+00
2022-09-11/09:07:30.059,-4.08E+00
2022-09-11/09:22:30.059,-3.36E+00
2022-09-11/09:37:30.059,-4.04E+00
2022-09-11/09:52:30.059,-3.92E+00
2022-09-11/10:07:30.059,-4.08E+00
2022-09-11/10:22:30.059,-3.80E+00
2022-09-11/10:37:30.059,-4.20E+00
2022-09-11/10:52:30.059,-4.20E+00
2022-09-11/11:07:30.059,-4.12E+00
2022-09-11/11:22:30.059,-4.08E+00
2022-09-11/11:37:30.059,-3.96E+00
2022-09-11/11:52:30.059,-3.96E+00
2022-09-11/12:07:30.059,-4.04E+00
2022-09-11/12:22:30.059,-4.00E+00
2022-09-11/12:37:30.059,-3.92E+00
2022-09-11/12:52:30.059,-4.24E+00
2022-09-11/13:07:30.059,-3.96E+00
2022-09-11/13:22:30.059,-4.04E+00
2022-09-11/13:37:30.059,-3.56E+00
2022-09-11/13:52:30.059,-3.44E+00
2022-09-11/14:07:30.059,-3.88E+00
2022-09-11/14:22:30.059,-4.08E+00
2022-09-11/14:37:30.059,-3.84E+00
2022-09-11/14:52:30.059,-3.92E+00
2022-09-11/15:07:30.059,-4.00E+00
2022-09-11/15:22:30.059,-3.28E+00
2022-09-11/15:37:30.059,-3.84E+00
2022-09-11/15:52:30.059,-3.84E+00
2022-09-11/16:07:30.059,-3.72E+00
2022-09-11/16:22:30.059,-3.56E+00
2022-09-11/16:37:30.059,-3.76E+00
2022-09-11/16:52:30.059,-3.40E+00
2022-09-11/17:07:30.059,-3.56E+00
2022-09-11/17:22:30.059,-3.04E+00
2022-09-11/17:37:30.059,-3.48E+00
2022-09-11/17:52:30.059,-3.44E+00
2022-09-11/18:07:30.059,-3.40E+00
2022-09-11/18:22:30.059,-3.44E+00
2022-09-11/18:37:30.059,-3.08E+00
2022-09-11/18:52:30.059,-3.44E+00
2022-09-11/19:07:30.059,-3.52E+00
2022-09-11/19:22:30.059,-3.52E+00
2022-09-11/19:37:30.059,-3.40E+00
2022-09-11/19:52:30.059,-3.36E+00
2022-09-11/20:07:30.059,-3.24E+00
2022-09-11/20:22:30.059,-1.56E+00
2022-09-11/20:37:30.059,-3.32E+00
2022-09-11/20:52:30.059,-3.44E+00
2022-09-11/21:07:30.059,-3.60E+00
2022-09-11/21:22:30.059,-3.56E+00
2022-09-11/21:37:30.059,-3.36E+00
2022-09-11/21:52:30.059,-3.64E+00
2022-09-11/22:07:30.059,-3.48E+00
2022-09-11/22:22:30.059,-3.80E+00
2022-09-11/22:37:30.059,-3.76E+00
2022-09-11/22:52:30.059,-3.84E+00
2022-09-11/23:07:30.059,-3.72E+00
2022-09-11/23:22:30.059,-3.64E+00
2022-09-11/23:37:30.059,-4.04E+00
2022-09-11/23:52:30.059,-3.76E+00
2022-09-12/06:22:30.059,-2.68E+00
2022-09-12/06:37:30.059,-3.16E+00
2022-09-12/06:52:30.059,-2.84E+00
2022-09-12/07:07:30.059,-2.12E+00
2022-09-12/07:22:30.059,-3.40E+00
2022-09-12/07:37:30.059,-4.60E+00
2022-09-12/07:52:30.059,-4.04E+00
2022-09-12/08:07:30.059,-4.36E+00
2022-09-12/08:22:30.059,-4.96E+00
2022-09-12/08:37:30.059,-4.88E+00
2022-09-12/08:52:30.059,-4.92E+00
2022-09-12/09:07:30.059,-5.36E+00
2022-09-12/09:22:30.059,-6.48E+00
2022-09-12/09:37:30.059,-3.32E+00
2022-09-12/09:52:30.059,-4.08E+00
2022-09-12/10:07:30.059,2.00E+00
2022-09-12/10:22:30.059,2.20E+00
2022-09-12/14:52:30.059,-2.12E+00
2022-09-12/15:07:30.059,-1.96E+00
2022-09-12/15:22:30.059,-8.00E-01
2022-09-12/15:37:30.059,-7.20E-01
2022-09-12/15:52:30.059,5.08E+00
2022-09-12/16:07:30.059,5.16E+00
2022-09-12/16:22:30.059,5.48E+00
2022-09-12/16:37:30.059,5.36E+00
2022-09-12/16:52:30.059,5.44E+00
2022-09-12/17:07:30.059,5.36E+00
2022-09-12/17:22:30.059,5.20E+00
2022-09-12/17:37:30.059,4.44E+00
2022-09-12/17:52:30.059,2.72E+00
2022-09-12/18:07:30.059,2.60E+00
2022-09-12/18:22:30.059,2.68E+00
2022-09-12/18:37:30.059,2.08E+00
2022-09-12/18:52:30.059,2.28E+00
2022-09-12/19:07:30.059,2.16E+00
2022-09-12/19:22:30.059,1.52E+00
2022-09-12/19:37:30.059,1.88E+00
2022-09-12/19:52:30.059,-5.60E-01
2022-09-12/20:07:30.059,3.60E-01
2022-09-12/20:22:30.059,4.00E-01
2022-09-12/20:37:30.059,0.00E+00
2022-09-12/20:52:30.059,-1.36E+00
2022-09-12/21:07:30.059,-6.80E-01
2022-09-12/21:22:30.059,-3.00E+00
2022-09-12/21:37:30.059,-2.64E+00
2022-09-12/21:52:30.059,-2.84E+00
2022-09-12/22:07:30.059,-2.32E+00
2022-09-12/22:22:30.059,-1.96E+00
2022-09-12/22:37:30.059,-1.24E+00
2022-09-12/22:52:30.059,-9.20E-01
2022-09-12/23:07:30.059,1.60E-01
2022-09-13/05:37:30.059,-2.56E+00
2022-09-13/05:52:30.059,-1.92E+00
2022-09-13/06:07:30.059,-2.60E+00
2022-09-13/06:22:30.059,-2.28E+00
2022-09-13/06:37:30.059,-2.24E+00
2022-09-13/06:52:30.059,-2.24E+00
2022-09-13/07:07:30.059,-2.56E+00
2022-09-13/07:22:30.059,-2.40E+00
2022-09-13/07:37:30.059,-2.76E+00
2022-09-13/15:07:30.059,-4.24E+00
2022-09-13/15:22:30.059,-4.00E+00
2022-09-13/15:37:30.059,-3.56E+00
2022-09-13/15:52:30.059,-3.40E+00
2022-09-13/16:07:30.059,-3.00E+00
2022-09-13/16:22:30.059,-4.36E+00
2022-09-13/16:37:30.059,-1.32E+00
2022-09-13/16:52:30.059,-2.20E+00
2022-09-13/17:07:30.059,-2.04E+00
2022-09-13/17:22:30.059,-3.36E+00
2022-09-13/17:37:30.059,-3.84E+00
2022-09-13/17:52:30.059,-4.60E+00
2022-09-13/18:07:30.059,-4.84E+00
2022-09-13/18:22:30.059,-3.84E+00
2022-09-13/18:37:30.059,-4.40E+00
2022-09-13/18:52:30.059,-4.76E+00
2022-09-13/19:07:30.059,-4.80E+00
2022-09-13/19:22:30.059,-2.16E+00
2022-09-13/19:37:30.059,-2.48E+00
2022-09-13/19:52:30.059,-3.68E+00
2022-09-13/20:07:30.059,-4.36E+00
2022-09-13/20:22:30.059,-3.04E+00
2022-09-13/20:37:30.059,-4.72E+00
2022-09-13/20:52:30.059,-4.40E+00
2022-09-13/21:07:30.059,-4.20E+00
2022-09-13/21:22:30.059,-1.36E+00
2022-09-13/21:37:30.059,-1.76E+00
2022-09-13/21:52:30.059,-4.80E+00
2022-09-13/22:07:30.059,-2.48E+00
2022-09-13/22:22:30.059,-4.32E+00
2022-09-13/22:37:30.059,-4.08E+00
2022-09-13/22:52:30.059,-3.92E+00
2022-09-13/23:07:30.059,-2.88E+00
2022-09-13/23:22:30.059,-3.08E+00
2022-09-13/23:37:30.059,-2.96E+00